<?xml version="1.0" encoding="UTF-8"?>
<project-private xmlns="http://www.netbeans.org/ns/project-private/1">
    <editor-bookmarks xmlns="http://www.netbeans.org/ns/editor-bookmarks/2" lastBookmarkId="0"/>
    <open-files xmlns="http://www.netbeans.org/ns/projectui-open-files/2">
        <group>
            <file>file:/C:/Users/aog05/Documents/NetBeansProjects/Actividad_Gamificacion_6/src/actividad_gamificacion_6/Actividad_4.java</file>
            <file>file:/C:/Users/aog05/Documents/NetBeansProjects/Actividad_Gamificacion_6/src/actividad_gamificacion_6/Actividad_3.java</file>
            <file>file:/C:/Users/aog05/Documents/NetBeansProjects/Actividad_Gamificacion_6/src/actividad_gamificacion_6/Actividad_5.java</file>
            <file>file:/C:/Users/aog05/Documents/NetBeansProjects/Actividad_Gamificacion_6/src/actividad_gamificacion_6/Actividad_2.java</file>
        </group>
    </open-files>
</project-private>
