<?xml version="1.0" encoding="UTF-8"?>
<project-private xmlns="http://www.netbeans.org/ns/project-private/1">
    <editor-bookmarks xmlns="http://www.netbeans.org/ns/editor-bookmarks/2" lastBookmarkId="0"/>
    <open-files xmlns="http://www.netbeans.org/ns/projectui-open-files/2">
        <group>
            <file>file:/C:/Users/aog05/Documents/NetBeansProjects/Actividad_Gamificacion_10/src/actividad_gamificacion_10/Persona.java</file>
            <file>file:/C:/Users/aog05/Documents/NetBeansProjects/Actividad_Gamificacion_10/src/actividad_gamificacion_10/usoClasePersona.java</file>
            <file>file:/C:/Users/aog05/Documents/NetBeansProjects/Actividad_Gamificacion_10/src/actividad_gamificacion_10/array5ObjetosPersona.java</file>
        </group>
    </open-files>
</project-private>
