<?xml version="1.0" encoding="UTF-8"?>
<project-private xmlns="http://www.netbeans.org/ns/project-private/1">
    <editor-bookmarks xmlns="http://www.netbeans.org/ns/editor-bookmarks/2" lastBookmarkId="0"/>
    <open-files xmlns="http://www.netbeans.org/ns/projectui-open-files/2">
        <group>
            <file>file:/C:/Users/aog05/Documents/NetBeansProjects/TALLER_2/TALLER2_CLASES_PARCIALES/src/Taller2_clases_parciales/FicheroIndexInOut.java</file>
            <file>file:/C:/Users/aog05/Documents/NetBeansProjects/TALLER_2/TALLER2_CLASES_PARCIALES/src/Taller2_clases_parciales/TALLER_2.java</file>
            <file>file:/C:/Users/aog05/Documents/NetBeansProjects/TALLER_2/TALLER2_CLASES_PARCIALES/src/Taller2_clases_parciales/NewClass.java</file>
            <file>file:/C:/Users/aog05/Documents/NetBeansProjects/TALLER_2/TALLER2_CLASES_PARCIALES/src/Taller2_clases_parciales/Index.java</file>
            <file>file:/C:/Users/aog05/Documents/NetBeansProjects/TALLER_2/TALLER2_CLASES_PARCIALES/src/Taller2_clases_parciales/Article.java</file>
            <file>file:/C:/Users/aog05/Documents/NetBeansProjects/TALLER_2/TALLER2_CLASES_PARCIALES/src/Taller2_clases_parciales/FicheroArticleInOut.java</file>
            <file>file:/C:/Users/aog05/Documents/NetBeansProjects/TALLER_2/TALLER2_CLASES_PARCIALES/src/Taller2_clases_parciales/NewClass1.java</file>
        </group>
    </open-files>
</project-private>
