<?xml version="1.0" encoding="UTF-8"?>
<project-private xmlns="http://www.netbeans.org/ns/project-private/1">
    <editor-bookmarks xmlns="http://www.netbeans.org/ns/editor-bookmarks/2" lastBookmarkId="0"/>
    <open-files xmlns="http://www.netbeans.org/ns/projectui-open-files/2">
        <group>
            <file>file:/C:/Users/aog05/Documents/NetBeansProjects/Actividad_9/src/actividad_9/Actividad_9.java</file>
            <file>file:/C:/Users/aog05/Documents/NetBeansProjects/Actividad_9/src/actividad_9/Actividad_10.java</file>
            <file>file:/C:/Users/aog05/Documents/NetBeansProjects/Actividad_9/src/actividad_9/Actividad_5.java</file>
            <file>file:/C:/Users/aog05/Documents/NetBeansProjects/Actividad_9/src/actividad_9/Actividad_7.java</file>
            <file>file:/C:/Users/aog05/Documents/NetBeansProjects/Actividad_9/src/actividad_9/Actividad_2.java</file>
            <file>file:/C:/Users/aog05/Documents/NetBeansProjects/Actividad_9/src/actividad_9/Actividad_13.java</file>
            <file>file:/C:/Users/aog05/Documents/NetBeansProjects/Actividad_9/src/actividad_9/Actividad_1.java</file>
            <file>file:/C:/Users/aog05/Documents/NetBeansProjects/Actividad_9/src/actividad_9/Actividad_4.java</file>
            <file>file:/C:/Users/aog05/Documents/NetBeansProjects/Actividad_9/src/actividad_9/Actividad_11.java</file>
            <file>file:/C:/Users/aog05/Documents/NetBeansProjects/Actividad_9/src/actividad_9/Actividad_8.java</file>
            <file>file:/C:/Users/aog05/Documents/NetBeansProjects/Actividad_9/src/actividad_9/Actividad_12.java</file>
            <file>file:/C:/Users/aog05/Documents/NetBeansProjects/Actividad_9/src/actividad_9/Actividad_14.java</file>
            <file>file:/C:/Users/aog05/Documents/NetBeansProjects/Actividad_9/src/actividad_9/Actividad_3.java</file>
            <file>file:/C:/Users/aog05/Documents/NetBeansProjects/Actividad_9/src/actividad_9/Actividad_6.java</file>
        </group>
    </open-files>
</project-private>
